{
  "pageCode": { "page": 4 },
  "data": {
    "headerData": {
      "title": "Customer Value Execution (CVEx) diagnostic",
      "logo": "src",
      "banner": "src"
    },
    "leftPanel": {
      "leftPanelOpen": "true",
      "currentScrollPos": "",
      "categories": [
        { "optionName": "Introduction" },
        {
          "optionName": "Value strategy",
          "selectedId": "true",
          "totalAnswered": "1",
          "outOfTxt": "/",
          "totalQues": "6"
        },
        {
          "optionName": "Customer touchpoint design",
          "selectedId": "false",
          "totalAnswered": "0",
          "outOfTxt": "/",
          "totalQues": "6"
        },
        {
          "optionName": "Governance & Steering",
          "selectedId": "false",
          "totalAnswered": "0",
          "outOfTxt": "/",
          "totalQues": "6"
        },
        {
          "optionName": "Proposition and Campaigning",
          "selectedId": "false",
          "totalAnswered": "0",
          "outOfTxt": "/",
          "totalQues": "6"
        },
        {
          "optionName": "Contact management",
          "selectedId": "false",
          "totalAnswered": "0",
          "outOfTxt": "/",
          "totalQues": "6"
        }
      ]
    },
    "progressBarData": {
      "progressBarDetails": {
        "indicators": {
          "1": "Not Started",
          "2": "In progress",
          "3": "Completed"
        },
        "answeredTxt": "Answered",
        "totalAnswered": "1",
        "ofTxt": "of",
        "totalQues": "6",
        "bracketOne": "(",
        "percentage": "%",
        "bracketTwo": ")"
      },
      "saveBtn": {
        "saveBtnTxt": "Save",
        "inputId": ""
      },
      "submitBtn": {
        "inputId": "",
        "submitDisabled": "true",
        "submitBtntxt": "Submit"
      }
    },
    "rightPanel": {
      "currentScrollPos": "",
      "questionsData": {
        "capabilityTxt": "Value strategy",
        "subHeadingText": {
          "skillTitle": "Sales and service strategy",
          "subTitle": [
            {
              "subTitleTxt": "Channel value strategy (what)",
              "tooltipText": "text",
              "questionText": "Does the contact center have a value strategy that defines the overall purpose (e.g. cost center or value center) and the role of sales across all functions?",
              "sliderOptions": {
                "ratingDetails": {
                  "defaultinputIdOpt": "3",
                  "inputIdId": "",
                  "ratingOpt": {
                    "1": "Disagree strongly",
                    "2": "Disagree ",
                    "3": "Neutral",
                    "4": "Agree",
                    "5": "Agree strongly"
                  }
                }
              },
              "observationId": "",
              "obsplaceholder": "",
              "observationTxt": "",
              "observationDisable": ""
            },
            {
              "subTitleTxt": "Operating model (how)",
              "tooltipText": "text",
              "questionText": "Does the contact center have an operating model that is aligned across all functions?",
              "sliderOptions": {
                "ratingDetails": {
                  "defaultinputIdOpt": "3",
                  "inputIdId": "",
                  "ratingOpt": {
                    "1": "Disagree strongly",
                    "2": "Disagree ",
                    "3": "Neutral",
                    "4": "Agree",
                    "5": "Agree strongly"
                  }
                }
              },
              "observationId": "",
              "obsplaceholder": "",
              "observationTxt": "",
              "observationDisable": ""
            },
            {
              "subTitleTxt": "Network strategy (where)",
              "tooltipText": "text",
              "questionText": "Does the contact center have a network and location strategy that defines the service and activities provided?",
              "sliderOptions": {
                "ratingDetails": {
                  "defaultinputIdOpt": "3",
                  "inputIdId": "",
                  "ratingOpt": {
                    "1": "Disagree strongly",
                    "2": "Disagree ",
                    "3": "Neutral",
                    "4": "Agree",
                    "5": "Agree strongly"
                  }
                }
              },
              "observationId": "",
              "obsplaceholder": "",
              "observationTxt": "",
              "observationDisable": ""
            }
          ]
        }
      }
    },
    "footerData": {
      "previousBtn": {
        "quesCode": "",
        "previousDisabled": "false",
        "previousBtnTxt": "Previous"
      },
      "forwardBtn": {
        "quesCode": "",
        "forwardDisabled": "false",
        "forwardBtntxt": "Forward"
      }
    }
  }
}
