{
  "pageCode": { "page": 1 },
  "data": {
    "headerData": {
      "title": "Customer Value Execution",
      "logo": "src",
      "banner": "src",
      "headerImg": "src"
    },
    "contentDetails": {
      "headingTxt": "Welcome to the Customer Value Execution self-assessment!",
      "content": "For privacy reasons, please enter the password you received by email below to gain access to the site",
      "password": { "placeholder": "Enter Password", "passwordInputId": "", "validationError": "Please enter a valid password!" },
      "helpdeskDetails": {
        "helpdeskTxt": "Should you experience any issues or wish to participate in the self-assessment, please reach out to",
        "mailTo": "Customer_Value_Execution@mckinsey.com"
      },
      "submitBTnDetails": {
        "submitBTnTxt": "Submit",
        "forwardInputId": ""
      }
    }
  }
}
