{
  "pageCode": { "page": 5 },
  "data": {
    "headerData": {
      "title": "Customer Value Execution",
      "logo": "src",
      "banner": "src",
      "headerImg": "src"
    },
    "contentDetails": {
      "contentImg": "src",
      "headingTxt": "Thanks",
      "content": "<p>You have successfully completed the survey. You will receive the output in next 10 days</p>",
      "contactDetails": {
        "contactHeading": "<p>Details of the CVEx team</p>",
        "contactTxt": "<p>LEADERSHIP : Konstantin Pell, Thomas, Ternai, and Arian Meyer</p></br><p>For practical questions : Esther de Zeeuw</p>"
      },
      "resultBTnDetails": {
        "resultBTnTxt": "Show Result",
        "forwardInputId": ""
      }
    }
  }
}
